{"_timestamp":1.7479846525833445e+09,"training/q":54.41367721557617,"training/time":3000.484204,"training/temperature_loss":-0.014450435526669025,"training/temperature":0.0688897967338562,"training/critic_loss":0.3890305757522583,"evaluation/length":17,"training/return":201.70933532714844,"_wandb":{"runtime":3004},"evaluation/return":153.3806610107422,"_runtime":3004.372838082,"_step":9995,"training/length":23,"training/entropy":-6.209761619567871,"training/actor_loss":-54.812232971191406}