{"_timestamp":1.7480790514557683e+09,"training/q":6.117068290710449,"training/actor_loss":-6.777858734130859,"training/critic_loss":2.5696146488189697,"training/entropy":6.361315727233887,"_wandb":{"runtime":284},"training/temperature":0.09999999403953552,"evaluation/return":1996.138671875,"evaluation/length":400,"_step":100,"_runtime":284.887104704,"training/temperature_loss":1.2361315488815308}