{"evaluation/length":400,"_step":986,"_runtime":477.909361218,"_timestamp":1.7478317398555348e+09,"evaluation/return":1991.666015625,"training/time":472.31895,"_wandb":{"runtime":477},"training/length":14,"training/return":132.64794921875}