{"_wandb":{"runtime":369},"training/temperature":0.09605205804109573,"training/length":15,"training/entropy":-6.7606635093688965,"training/time":363.921884,"training/return":141.8490753173828,"_step":488,"evaluation/length":12,"training/critic_loss":0.41131624579429626,"_timestamp":1.7480789121474466e+09,"evaluation/return":112.64591217041016,"training/temperature_loss":-0.07306329905986786,"training/actor_loss":-38.11761474609375,"training/q":36.44713592529297,"_runtime":369.168667039}