{"_timestamp":1.7478408351212761e+09,"evaluation/length":24,"training/return":543.1722412109375,"_wandb":{"runtime":9005},"_runtime":9005.592093709,"evaluation/return":190.21157836914062,"_step":9867,"training/entropy":-5.971413612365723,"training/time":2769.312445,"training/length":80,"training/temperature":0.09827324002981186,"training/temperature_loss":0.0028092770371586084,"training/critic_loss":1.3831068277359009,"training/actor_loss":-64.90443420410156,"training/q":64.09843444824219}