{"_runtime":260.910144027,"_timestamp":1.7480785206232004e+09,"evaluation/length":400,"evaluation/return":1991.666015625,"training/length":100,"training/time":258.201026,"_step":99,"training/return":552.0238037109375,"_wandb":{"runtime":260}}