{"_runtime":2955.933377456,"training/temperature_loss":0.06819480657577515,"training/return":201.3283233642578,"training/q":68.00159454345703,"training/critic_loss":0.6870310306549072,"training/time":2952.576408,"training/length":24,"evaluation/return":179.15847778320312,"_step":9994,"training/actor_loss":-68.521484375,"_wandb":{"runtime":2955},"_timestamp":1.7479155579539979e+09,"training/entropy":-5.25942325592041,"evaluation/length":20,"training/temperature":0.09208337962627411}